country,ind_51_trade_intensity,ind_51_score,ind_52_value,ind_52_score,ind_55_value,ind_55_score,ind_56_value,ind_56_score,ind_63_value,ind_63_score,ind_64_value,ind_64_score,year,trade_score,oca_score,ind_39_score,ind_44_score,ind_31_score,new_1_score,financial_score,ind_69_score,ind_71_score,ind_72_score,new_11_score,new_12_score,labor_score,ind_3_score,ind_6_score,new_25_score,infrastructure_score,sustainability_score,new_33_non_oil_conv,new_34_manufacturing_conv,new_36_oil_dependency_conv,non_oil_share,oil_share,manufacturing_share,new_44_real_income_conv,new_45_price_conv,new_1_score.conv,new_11_score.conv,new_12_score.conv,new_33_non_oil_conv.conv,new_34_manufacturing_conv.conv,new_36_oil_dependency_conv.conv,convergence_score,overall_index,integration_level
UAE,7.4592277144049435,7.5954614816477015,2.237768314321483,13.25757068655392,4.966609175418406,8.638622278179325,30,100,40.53,53.46498702485783,61,68.99544808894092,2015,41.99201492669661,59.4,NA,84.10815006097666,60.28327353612958,NA,67.93047453236875,4.271672299618688,100,21.64033882783883,NA,NA,27.773603338237255,NA,NA,NA,64.47351573444874,77.10136693625262,84.45026255201397,64.6076064765625,59.86887868646642,79.79659990826097,20.20340009173902,8.88502555436669,NA,NA,NA,NA,NA,84.45026255201397,64.6076064765625,59.86887868646642,69.64224923834763,57.2,Moderate
Bahrain,52.895528173870375,100,13.223882043467594,100,34.767088835474844,100,25,66.66666666666666,14.63,0,50.47,0,2015,61.11111111111111,59.4,100,80.42374452908055,60.28327353612958,NA,75.02675451630253,8.00090245504127,15.896015341998721,37.04631018703049,84.73554080044009,3.4229311077794193,25.50921405184322,73.35948293942126,NA,69.13799568836637,71.24873931389382,79.11990114141037,84.45026255201397,64.6076064765625,59.86887868646642,86.52504725878678,13.474952741213212,17.173240954151282,NA,NA,NA,84.73554080044009,3.4229311077794193,84.45026255201397,64.6076064765625,59.86887868646642,59.417043924652475,62.1,Good
Saudi Arabia,3.7244580208157068,0,0.5586687031223561,0,2.148842041086895,0,15,0,63.08,100,52,9.99268322563038,2015,18.332113870938397,59.4,0,76.64079255158346,60.28327353612958,NA,49.08101652192826,0.9263991706672956,37.05518857873428,30.679812723169686,84.73554080044009,3.4229311077794193,25.7087484747199,100,NA,69.13799568836637,84.56899784418319,76.36365358588208,84.45026255201397,64.6076064765625,59.86887868646642,77.3375554070258,22.662559964188773,13.097247935047541,NA,NA,NA,84.73554080044009,3.4229311077794193,84.45026255201397,64.6076064765625,59.86887868646642,59.417043924652475,50.8,Moderate
Oman,16.268216652179195,25.510444642182,2.928278997392255,18.70959636125092,9.762142028526071,23.340616788603928,18,20,29.69,31.074575266279965,65.74,100,2015,36.43920550971947,59.4,15.491892772651243,80.35499763784841,60.28327353612958,NA,53.88254098665731,0,0,48.68281760932831,NA,NA,14.604845282798493,NA,NA,NA,64.47351573444874,74.01484973113989,84.45026255201397,64.6076064765625,59.86887868646642,69.50820922455185,30.491790775448163,8.916098674976022,NA,NA,NA,NA,NA,84.45026255201397,64.6076064765625,59.86887868646642,69.64224923834763,51,Moderate
Qatar,6.61702429945482,5.8826587862241535,1.3234048598909638,6.038083498621603,3.9253679311924223,5.446417464752223,20,33.33333333333333,38.25,48.747915895981144,62.76,80.5116761589508,2015,29.99334752297721,59.4,11.996326992267402,97.37371483681113,60.28327353612958,NA,57.26332884130203,57.07589686769757,32.23950564670786,44.2101666099966,84.73554080044009,3.4229311077794193,45.649567363471775,6.067624402172055,NA,69.13799568836637,37.602810045269216,71.89881743964352,84.45026255201397,64.6076064765625,59.86887868646642,62.45476825289729,37.54523174710271,8.915525310147473,NA,NA,NA,84.73554080044009,3.4229311077794193,84.45026255201397,64.6076064765625,59.86887868646642,59.417043924652475,47.9,Moderate
Kuwait,5.941533257754335,4.50890173843592,0.8912299886631503,2.625785106054353,4.295320578496106,6.580606710531475,15,0,49.75,72.48944117231055,56,36.18712996379436,2015,20.398644115187775,59.4,91.35938881070338,80,60.28327353612958,NA,72.76066558670824,100,72.9810355849137,98.92681929681112,84.73554080044009,3.4229311077794193,83.09010009684803,NA,NA,NA,64.47351573444874,70.20802043321105,84.45026255201397,64.6076064765625,59.86887868646642,56.8187782314557,43.18122176854429,6.975069759307699,NA,NA,NA,84.73554080044009,3.4229311077794193,84.45026255201397,64.6076064765625,59.86887868646642,59.417043924652475,59.9,Moderate
GCC,NA,6.6,NA,7.6,NA,6.9,NA,32.4,NA,74.1,NA,39.9,2015,27.9,59.4,15.6,81.4,60.3,NA,57.6,15.9,53.3,36.3,84.7,3.4,32.3,81.9,NA,69.1,71.2,75.5,NA,NA,NA,NA,NA,NA,NA,NA,NA,NA,NA,NA,NA,NA,62.6,53.1,Moderate
UAE,6.9372363466934095,14.96813891348908,2.0811709040080233,25.200586019015468,4.7802215590799575,16.678168963842207,30,100,37.42,39.0816229474876,64.71,100,2016,49.32141947397239,73.4,NA,84.83451287312408,70.11637170856761,63.955399918412915,73.07657112502615,1.7781587299943558,71.37798760696371,20.03479727948542,85.0491648883307,18.84151806452526,31.20855261952227,NA,NA,NA,65.25576873302467,77.87890076387424,87.36631111135088,60.96489726678753,59.49161901336638,82.14302379765877,17.856976202341247,9.041259171686182,NA,NA,63.955399918412915,85.0491648883307,18.84151806452526,87.36631111135088,60.96489726678753,59.49161901336638,62.61148504379561,59.4,Moderate
Bahrain,26.954378993540594,100,6.7385947483851485,100,19.2522800870252,100,25,66.66666666666666,23.93,0,59.79,46.5092833443194,2016,68.86265833516434,73.7,100,83.47110148227792,70.11637170856761,63.955399918412915,78.24857462185169,7.1858924310022605,25.99586898790204,36.1693405233433,85.0491648883307,18.84151806452526,28.594811979169673,72.09891367494086,NA,69.26066312602586,70.67978840048336,79.8239993284324,87.36631111135088,60.96489726678753,59.49161901336638,88.62668567951926,11.373314320480734,17.841596376718115,NA,NA,63.955399918412915,85.0491648883307,18.84151806452526,87.36631111135088,60.96489726678753,59.49161901336638,62.61148504379561,65.2,Good
Saudi Arabia,3.413623339043205,0,0.5120435008564808,0,1.8834124709678393,0,15,0,58.44,100,56.23,7.849078723720136,2016,17.974846453953354,78,0,77.67844885236732,70.11637170856761,63.955399918412915,57.95004409586957,2.7069050665569563,58.27677781056359,22.60694319044212,85.0491648883307,18.84151806452526,29.638578334498032,100,NA,69.26066312602586,84.63033156301293,77.17157858279388,87.36631111135088,60.96489726678753,59.49161901336638,79.78528319405757,20.214600742804087,13.533619622407924,NA,NA,63.955399918412915,85.0491648883307,18.84151806452526,87.36631111135088,60.96489726678753,59.49161901336638,62.61148504379561,53.7,Moderate
Oman,10.889812650909526,31.75849331938509,1.9601662771637145,23.257220871377186,7.0391886335643905,29.684008632952462,18,20,48.54,71.30733923706963,62.7,78.09946241876705,2016,42.35108741325857,68.2,11.01093294636909,81.2622101207936,70.11637170856761,63.955399918412915,58.90898293882864,0,0,48.907218179684094,85.0491648883307,18.84151806452526,25.061233749190823,NA,NA,NA,65.25576873302467,75.83081850133311,87.36631111135088,60.96489726678753,59.49161901336638,75.31608292252169,24.68391707747831,7.914193420632255,NA,NA,63.955399918412915,85.0491648883307,18.84151806452526,87.36631111135088,60.96489726678753,59.49161901336638,62.61148504379561,54,Moderate
Qatar,6.853827460318349,14.613821968021249,1.3707654920636696,13.791294041754135,4.162114805780802,13.119464004126113,20,33.33333333333333,35.24,32.764568546787196,62.51,76.07632300298448,2016,30.616467482834416,78.3,8.326864306465783,96.521485220275,70.11637170856761,63.955399918412915,63.44402423074426,58.536472505334046,51.01799940985542,48.01262450239883,85.0491648883307,18.84151806452526,52.55739727957655,11.653709345129522,NA,69.26066312602586,40.457186235577694,74.32876811298564,87.36631111135088,60.96489726678753,59.49161901336638,70.30924829469679,29.690751705303214,8.476080425677928,NA,NA,63.955399918412915,85.0491648883307,18.84151806452526,87.36631111135088,60.96489726678753,59.49161901336638,62.61148504379561,51.6,Moderate
Kuwait,6.036981974830309,11.14390155647327,0.9055472962245462,6.319771246149271,4.426384834541995,14.640979595141834,15,0,51.59,80.15091096730832,55.51,0,2016,18.70926056084545,66.1,67.89865692394709,80,70.11637170856761,63.955399918412915,69.61408571018552,100,100,99.55196017423772,85.0491648883307,18.84151806452526,90.2546563475569,NA,NA,NA,65.25576873302467,71.58968005012,87.36631111135088,60.96489726678753,59.49161901336638,61.1789547518113,38.821045248188696,7.203258271671135,NA,NA,63.955399918412915,85.0491648883307,18.84151806452526,87.36631111135088,60.96489726678753,59.49161901336638,62.61148504379561,60.8,Good
GCC,NA,10.4,NA,12.2,NA,10.8,NA,32.6,NA,71.4,NA,43.4,2016,30.1,75.3,12.2,82.1,70.1,64,63.9,15.7,60.4,32.1,85,18.8,36.8,83.6,NA,69.3,72,76.6,NA,NA,NA,NA,NA,NA,NA,NA,NA,NA,NA,NA,NA,NA,62.6,55.8,Moderate
UAE,11.001611452088657,30.930908369906042,3.3004834356265973,43.10915872669284,7.410389157365518,29.143996926477513,30,100,20.51,0,61.03,69.47533570088027,2017,45.44323328732611,82.7,NA,85.41101345891958,66.21807737147722,63.08664853803967,74.35393484210911,2.162040884845897,77.58164165931156,16.308777070646947,73.30287900927004,NA,28.387861619437167,NA,NA,NA,58.45177507185231,76.80481248814013,85.74840485651795,61.15904654454139,60.333284986238155,80.5257886072351,19.474211392764886,9.13505350559626,54.227297052884325,72.33002726589305,63.08664853803967,73.30287900927004,NA,85.74840485651795,61.15904654454139,60.333284986238155,67.16965546476922,57.7,Moderate
Bahrain,27.908166595736812,100,6.977041648934203,100,20.74985535482183,100,25,66.66666666666666,22.23,4.8015087396580745,49.79,0,2017,61.911362567720786,84.2,100,82.65389277820066,66.21807737147722,63.08664853803967,79.2317237375435,7.212039300709929,40.188290673727565,35.98323832468739,NA,NA,20.99624142236471,49.321491994400475,NA,69.81765860557306,59.56957529998677,78.85187255539137,85.74840485651795,61.15904654454139,60.333284986238155,87.34932216473919,12.650677835260815,18.184430279411988,54.227297052884325,72.33002726589305,63.08664853803967,NA,NA,85.74840485651795,61.15904654454139,60.333284986238155,66.14745154068575,61.1,Good
Saudi Arabia,3.430423013712009,0,0.5145634520568013,0,1.9236929707894586,0,15,0,56.23,100,58.39,53.17540223112969,2017,25.529233705188282,76.4,0,76.34332646792562,66.21807737147722,63.08664853803967,56.409610475488506,3.1934028745549377,50.75022065313327,20.322430969988577,73.30287900927004,5.20733942522466,25.055816127439176,91.93618261999421,NA,69.81765860557306,80.87692061278364,75.6968927236334,85.74840485651795,61.15904654454139,60.333284986238155,76.83272272554595,23.167385198061403,13.420768243406586,54.227297052884325,72.33002726589305,63.08664853803967,73.30287900927004,5.20733942522466,85.74840485651795,61.15904654454139,60.333284986238155,59.424365959826154,52.8,Moderate
Oman,21.245297166271104,72.77988713649825,3.824153489928798,51.21239773731313,14.904237609844603,68.9494989699268,18,20,37.61,47.862038709400025,65.98,100,2017,60.13397042552303,85.7,9.911402015994234,80.7416252334097,66.21807737147722,63.08664853803967,61.131550631784165,0,0,48.93858030736462,73.30287900927004,5.20733942522466,22.532595935658854,NA,NA,NA,58.45177507185231,74.46089777700118,85.74840485651795,61.15904654454139,60.333284986238155,72.71273957010527,27.287260429894733,8.495255843231213,54.227297052884325,72.33002726589305,63.08664853803967,73.30287900927004,5.20733942522466,85.74840485651795,61.15904654454139,60.333284986238155,59.424365959826154,55.7,Moderate
Qatar,4.665247449559298,5.0446824549387,0.9330494899118595,6.475627849038873,2.7600244443836566,4.442389566890926,20,33.33333333333333,25.32,13.456028572773196,57.37,46.81705722161096,2017,18.261519833097665,72.6,7.014814729274027,96.63157562793339,66.21807737147722,63.08664853803967,61.11022325334486,63.14495845120892,52.75080906148867,33.37451531380093,73.30287900927004,5.20733942522466,47.35702578525016,0,NA,69.81765860557306,34.90882930278653,72.44559653202921,85.74840485651795,61.15904654454139,60.333284986238155,65.99506875353205,34.004931246467926,8.047170293872506,54.227297052884325,72.33002726589305,63.08664853803967,73.30287900927004,5.20733942522466,85.74840485651795,61.15904654454139,60.333284986238155,59.424365959826154,46.1,Moderate
Kuwait,5.99285981746645,10.468435520487121,0.8989289726199674,5.947649011007686,4.367552583066249,12.981188425048213,15,0,52.63,89.90796904076753,57.08,45.08175571545166,2017,27.397832952127036,80.9,68.7553665801844,80,66.21807737147722,63.08664853803967,71.79201849794026,100,100,99.65995192161398,73.30287900927004,5.20733942522466,87.74900741993366,NA,NA,NA,58.45177507185231,70.04513873997794,85.74840485651795,61.15904654454139,60.333284986238155,57.99354278002783,42.00645721997216,7.501556027492423,54.227297052884325,72.33002726589305,63.08664853803967,73.30287900927004,5.20733942522466,85.74840485651795,61.15904654454139,60.333284986238155,59.424365959826154,60.6,Good
GCC,NA,15.6,NA,17.5,NA,15.1,NA,32.2,NA,59,NA,57.3,2017,32.8,78.7,12.2,81.5,66.2,63.1,63.6,16.7,58.9,28.7,73.3,5.2,32.9,74.5,NA,69.8,66.8,75.2,NA,NA,NA,NA,NA,NA,NA,NA,NA,NA,NA,NA,NA,NA,61.6,54.3,Moderate
UAE,13.647553876572417,39.870945326323714,4.094266162971725,50.72203374600666,8.998283369632983,35.52899892831282,30,100,24.65,8.579617092997289,62.35,99.00404250995801,2018,55.61760626726642,87.9,NA,86.62858969901924,61.07619004376566,60.82464977689153,74.10735737991911,2.362702946766757,75.10680717744232,14.286332929152953,80.48233482152861,13.181271675721476,29.38243284798939,NA,NA,NA,60.07248042972105,75.4619344941292,83.61790151398769,64.85488045168074,64.04380998754858,75.19436584343296,24.805634156567034,8.723034842989026,NA,NA,60.82464977689153,80.48233482152861,13.181271675721476,83.61790151398769,64.85488045168074,64.04380998754858,61.16747470455977,59.1,Moderate
Bahrain,30.459278305580927,100,7.614819576395232,100,23.089392429772555,100,25,66.66666666666666,21.77,0.8931051632743187,46.36,0,2018,61.25996197165683,90.9,100,82.74103620875125,61.07619004376566,60.82464977689153,79.10837520588169,7.738319197614951,89.60410139561378,34.233216203388125,NA,NA,30.51228089942368,51.22298892920326,NA,69.73729788304101,60.48014340612214,78.40864688928426,83.61790151398769,64.85488045168074,64.04380998754858,85.01674049394984,14.983259506050164,17.170690771009568,NA,NA,60.82464977689153,NA,NA,83.61790151398769,64.85488045168074,64.04380998754858,68.33531043252714,62.8,Good
Saudi Arabia,3.1369639802078764,2.2786187806544556,0.47054459703118146,0,1.8885493746057334,2.9998583151414935,15,0,56.39,93.17874486711071,58.69,76.33367172401798,2018,29.13181561448744,83.1,0,76.77384158964873,61.07619004376566,60.82464977689153,56.35493628206118,3.347123132819816,42.324124181144974,20.549552576418957,80.48233482152861,13.181271675721476,25.000188198725635,100,NA,69.73729788304101,84.8686489415205,74.1698333701809,83.61790151398769,64.85488045168074,64.04380998754858,70.88736209693866,29.11272813899221,12.62166059378852,NA,NA,60.82464977689153,80.48233482152861,13.181271675721476,83.61790151398769,64.85488045168074,64.04380998754858,61.16747470455977,54.4,Moderate
Oman,22.81218935048958,72.64931198362072,4.106194083088123,50.888991487007,15.805628883100622,66.6746225993122,18,20,39.49,48.1260120073836,62.51,100,2018,59.723156346220584,93.3,8.348053566938775,81.0437153561219,61.07619004376566,60.82464977689153,60.91852174874357,0,0,47.67705819018451,80.48233482152861,13.181271675721476,23.66947810678036,NA,NA,NA,60.07248042972105,73.15347477430392,83.61790151398769,64.85488045168074,64.04380998754858,67.49950011068206,32.500499889317965,9.091203574498234,NA,NA,60.82464977689153,80.48233482152861,13.181271675721476,83.61790151398769,64.85488045168074,64.04380998754858,61.16747470455977,56.2,Moderate
Qatar,2.4998757833781893,0,0.4999751566756379,0.4119460649186298,1.2328851227567104,0,20,33.33333333333333,21.43,0,51.1,29.32687083750719,2018,10.512025039293192,74.6,5.370943950621208,96.71244458300528,61.07619004376566,60.82464977689153,59.716845670856735,67.20623807834251,59.555682141839924,11.002245367417762,80.48233482152861,13.181271675721476,44.740042111821076,0,NA,69.73729788304101,34.868648941520505,71.20652997406258,83.61790151398769,64.85488045168074,64.04380998754858,61.00968410987758,38.990315890122424,8.237423868848978,NA,NA,60.82464977689153,80.48233482152861,13.181271675721476,83.61790151398769,64.85488045168074,64.04380998754858,61.16747470455977,44,Moderate
Kuwait,5.970044968351512,12.411456869357778,0.8955067452527268,5.948289356849104,4.395105668568667,14.468096395241053,15,0,58.95,100,54.59,50.97301385986116,2018,30.633476080218184,87.2,64.95904415274342,80,61.07619004376566,60.82464977689153,70.81197679468012,100,100,99.88945041061277,NA,NA,79.96683512318383,NA,NA,NA,60.07248042972105,68.68062298628914,83.61790151398769,64.85488045168074,64.04380998754858,52.589994150632776,47.41000584936721,7.4288880819560426,NA,NA,60.82464977689153,NA,NA,83.61790151398769,64.85488045168074,64.04380998754858,68.33531043252714,61.4,Good
GCC,NA,17.9,NA,17.9,NA,17.1,NA,30.7,NA,58.8,NA,74.6,2018,36.2,84.4,11,81.9,61.1,60.8,63,17.1,55.6,25.9,80.5,13.2,32.5,81.7,NA,69.7,69.8,73.8,NA,NA,NA,NA,NA,NA,NA,NA,NA,NA,NA,NA,NA,NA,61.9,55.3,Moderate
UAE,14.369087670705936,45.91052937852691,4.31072630121178,57.3516913925168,9.43148934378731,41.086336253659276,30,100,22.58,24.766088819714977,60.27,100,2019,61.51910764073633,85.6,NA,88.68506810341862,61.85424802427916,60.79116994931966,74.23262151925435,4.049412135111023,100,13.096274028953406,87.91806162803746,NA,33.935512012023075,NA,NA,NA,52.765109434024794,75.92239214601483,85.08470044275134,61.330061815239844,62.80999350596234,78.29831141447444,21.701688585525563,8.842882725274878,NA,NA,60.79116994931966,87.91806162803746,NA,85.08470044275134,61.330061815239844,62.80999350596234,71.58679746826213,61.1,Good
Bahrain,28.807758594826883,100,7.201939648706721,100,21.375486827928977,100,25,66.66666666666666,18.99,17.268228004983868,45.06,25.67766891032169,2019,68.26876059699536,75,100,82.40373249454503,61.85424802427916,60.79116994931966,76.00983009362876,12.525784065152756,36.45890186660845,33.28766274897894,87.91806162803746,0,29.827620580364943,20.956603080824333,NA,69.30668774308019,45.13164541195226,78.18063753617704,85.08470044275134,61.330061815239844,62.80999350596234,85.82579604834856,14.174203951651437,17.04071301287136,NA,NA,60.79116994931966,87.91806162803746,0,85.08470044275134,61.330061815239844,62.80999350596234,59.65566455688511,59.1,Moderate
Saudi Arabia,3.1852958167020766,4.014333800495152,0.4777943725053114,0.8120853103214957,1.8716490012035358,3.797489491062367,15,0,58.54,100,56.56,81.86641157039702,2019,31.748386695379338,85.9,0,77.26176643654198,61.85424802427916,60.79116994931966,57.16143688202816,4.252720603142865,16.100862351271694,18.40126085527284,87.91806162803746,0,18.808173070582797,87.36606165753302,NA,69.30668774308019,78.3363747003066,74.9222719833619,85.08470044275134,61.330061815239844,62.80999350596234,74.9645775389647,25.035452461002293,12.86911584397257,NA,NA,60.79116994931966,87.91806162803746,0,85.08470044275134,61.330061815239844,62.80999350596234,59.65566455688511,52.7,Moderate
Oman,19.927923916595784,66.73478054345499,3.587026304987241,46.67638761219882,13.620408013030794,61.74814117016578,18,20,38.57,58.22913245154089,59.87,98.06622584149788,2019,58.57577793647639,88.8,8.130520970525476,80.8580440382881,61.85424802427916,60.79116994931966,60.08679659648248,0,0,47.89699311454917,NA,NA,14.369097934364751,NA,NA,NA,52.765109434024794,73.14356192401549,85.08470044275134,61.330061815239844,62.80999350596234,69.03554400781,30.964455992190004,8.029295466053647,NA,NA,60.79116994931966,NA,NA,85.08470044275134,61.330061815239844,62.80999350596234,67.5039814283183,53.9,Moderate
Qatar,2.1137075009178403,0,0.4227415001835681,0,1.1017562116022341,0,20,33.33333333333333,10.74,0,39.81,0,2019,5.5555555555555545,80.9,5.050968114892361,95.68038108715476,61.85424802427916,60.79116994931966,60.85535343512919,44.432321161689984,23.720117891059928,10.918118325016078,87.91806162803746,0,30.140961587027554,0.34792863655081246,NA,69.30668774308019,34.827308189815504,71.71679184635175,85.08470044275134,61.330061815239844,62.80999350596234,64.27964374893085,35.720356251069155,8.333572684391328,NA,NA,60.79116994931966,87.91806162803746,0,85.08470044275134,61.330061815239844,62.80999350596234,59.65566455688511,40.9,Moderate
Kuwait,5.31993774113814,12.011029082625402,0.7979906611707211,5.535303036818609,3.9160735292830386,13.881595701061508,15,0,56.97,96.7155682972807,55.18,75.13394601780747,2019,33.87957368926561,82.1,63.29894069695011,80,61.85424802427916,60.79116994931966,69.60887173410978,100,38.30367863770331,99.94806162047745,NA,NA,67.6451542136839,NA,NA,NA,52.765109434024794,69.18621243474647,85.08470044275134,61.330061815239844,62.80999350596234,55.84437904357993,44.15562095642008,6.379280538176991,NA,NA,60.79116994931966,NA,NA,85.08470044275134,61.330061815239844,62.80999350596234,67.5039814283183,58.4,Moderate
GCC,NA,19.8,NA,19.5,NA,18.5,NA,30.4,NA,67.3,NA,77.1,2019,38.8,84.9,10.9,82.4,61.9,60.8,63.3,15.8,38.9,24.7,87.9,0,27.6,71.1,NA,69.3,63.7,74.4,NA,NA,NA,NA,NA,NA,NA,NA,NA,NA,NA,NA,NA,NA,63.6,54.3,Moderate
UAE,14.984178200604239,48.23530076817604,4.495253460181272,74.23084837883455,9.726192958242722,47.36212782323497,30,100,25.77,24.309418301922715,58.26,65.47378377491793,2020,59.9352465078477,89.1,NA,92.88424463929623,64.29654027275595,60.547481347103286,76.70706656478886,4.945055507169619,100,16.08564663059144,NA,NA,26.309210641328317,NA,NA,NA,50.99819637669903,79.63594638806558,89.04666647726503,63.618442867816434,61.30546244982805,83.10582312271545,16.89417687728456,8.992073715697739,NA,NA,60.547481347103286,NA,NA,89.04666647726503,63.618442867816434,61.30546244982805,68.62951328550321,59.7,Moderate
Bahrain,23.538536304011956,81.1943805664305,5.884634076002989,100,16.93813116047393,87.06070899945821,25,66.66666666666666,28.39,29.8991012532738,58.08,64.27327432031166,2020,71.5156886343568,86,100,82.90413152369787,64.29654027275595,60.547481347103286,78.74963062871142,10.172902876513271,28.38788333489637,39.54950235725511,88.04456666094585,5.628996682354142,29.961654571439784,18.756646207409545,NA,70.04932743674397,44.402986822076755,81.35214293842925,89.04666647726503,63.618442867816434,61.30546244982805,88.82647829059435,11.173521709405646,18.046804738263987,NA,NA,60.547481347103286,88.04456666094585,5.628996682354142,89.04666647726503,63.618442867816434,61.30546244982805,61.3652694142188,60.8,Good
Saudi Arabia,3.455192704796449,3.815281363344701,0.5182789057194672,0.46901586123329914,1.974769568031872,4.693915470505796,15,0,61.29,100,54.83,42.553819856819445,2020,25.25533875865054,80.4,0,78.00969014823374,64.29654027275595,60.547481347103286,56.6507423536186,7.518967902137651,13.532776892056644,20.606626876722697,88.04456666094585,5.628996682354142,20.51159014639943,76.79230212436828,NA,70.04932743674397,73.42081478055613,79.89248912789023,89.04666647726503,63.618442867816434,61.30546244982805,83.96096558879762,16.039034411202373,13.386158430845283,NA,NA,60.547481347103286,88.04456666094585,5.628996682354142,89.04666647726503,63.618442867816434,61.30546244982805,61.3652694142188,51.3,Moderate
Oman,28.419437226484824,100,5.115498700767268,85.73467495087426,19.288778571834932,100,18,20,32.91,39.528433773817845,63.42,100,2020,74.21051812078201,91.6,8.996302867351542,81.01359338061465,64.29654027275595,60.547481347103286,61.290783573565086,0,0,48.12822433383251,NA,NA,14.438467300149753,NA,NA,NA,50.99819637669903,76.76148341752692,89.04666647726503,63.618442867816434,61.30546244982805,73.52427988758656,26.47572011241344,8.356145772123313,NA,NA,60.547481347103286,NA,NA,89.04666647726503,63.618442867816434,61.30546244982805,68.62951328550321,57.4,Moderate
Qatar,2.4649562283206494,0,0.49299124566413,0,1.1220381278447853,0,20,33.33333333333333,14.36,0,48.47,0,2020,5.5555555555555545,83.9,5.2519918946823365,97.29785045092373,64.29654027275595,60.547481347103286,62.25877279309306,44.896314620147606,21.410484854168622,10.708397445264886,88.04456666094585,5.628996682354142,30.33086692478747,0.292247618184439,NA,70.04932743674397,35.1707875274642,76.00976977136902,89.04666647726503,63.618442867816434,61.30546244982805,71.01856773372693,28.981432266273092,7.91126041083111,NA,NA,60.547481347103286,88.04456666094585,5.628996682354142,89.04666647726503,63.618442867816434,61.30546244982805,61.3652694142188,42,Moderate
Kuwait,5.890202886919125,13.197130232890236,0.8835304330378688,7.243417260063458,4.273492228183929,17.34738331323325,15,0,48.73,73.23310147619917,57.76,62.11595248821219,2020,28.85616412843305,76.3,65.05231763060402,80,64.29654027275595,60.547481347103286,69.23926785009265,100,32.814404951702144,99.95467079666075,NA,NA,66.54928222933866,NA,NA,NA,50.99819637669903,74.86169180441783,89.04666647726503,63.618442867816434,61.30546244982805,67.19164117722295,32.80835882277706,9.09026853367484,NA,NA,60.547481347103286,NA,NA,89.04666647726503,63.618442867816434,61.30546244982805,68.62951328550321,57.6,Moderate
GCC,NA,21.5,NA,25.3,NA,22.2,NA,29.8,NA,65.5,NA,48.8,2020,35.5,83.2,10.8,83.9,64.3,60.5,63.7,17.1,36.1,26.3,88,5.6,26.2,62.9,NA,70,60.8,79,NA,NA,NA,NA,NA,NA,NA,NA,NA,NA,NA,NA,NA,NA,64,53.4,Moderate
UAE,15.977429251037686,56.28072071878829,4.793228775311306,100,10.392991839519448,53.617100643866834,30,100,27.85,36.56496720927971,61.57,85.58579672849429,2021,72.00809755007153,84.7,NA,94.24491541706641,55.68608350936262,59.88002688340824,73.62775645245932,6.18149538683671,100,50,NA,NA,36.854448616051016,NA,NA,NA,41.76231495010947,76.02903171865984,86.25992510812021,62.01690109682376,66.01386059544409,76.39997115454874,23.600028845451266,8.77234434991823,54.05551250105832,73.35547801324137,59.88002688340824,NA,NA,86.25992510812021,62.01690109682376,66.01386059544409,66.930284033016,60.7,Good
Bahrain,17.65410522925522,63.769954932532144,4.413526307313805,91.14214361538488,11.364111370816579,59.48624161367775,25,66.66666666666666,43.68,70.30906286330223,64.09,93.53540116126852,2021,74.15157847547204,82.7,100,83.87762584949009,55.68608350936262,59.88002688340824,76.4287472484522,10.554987475779779,20.497772749770206,58.2779623477298,NA,NA,24.749439497006914,22.96931488983437,NA,67.57137631698328,45.27034560340882,78.61478152391109,86.25992510812021,62.01690109682376,66.01386059544409,85.01913717205292,14.980862827947078,20.52899357515572,54.05551250105832,73.35547801324137,59.88002688340824,NA,NA,86.25992510812021,62.01690109682376,66.01386059544409,66.930284033016,60.8,Good
Saudi Arabia,3.3774050332359264,0,0.506610754985389,0,1.9981221662599504,2.8811490460863487,15,0,57.62,100,57.29,72.07869191822975,2021,29.159973494052682,82.3,0,78.35807678930493,55.68608350936262,59.88002688340824,55.24483743641516,6.437274281584834,16.31902708053454,33.146132188019486,85.47454710007467,14.71590579575249,25.157872646570922,21.705732484076435,NA,67.57137631698328,44.638554400529856,75.90892216260218,86.25992510812021,62.01690109682376,66.01386059544409,75.9996059676899,24.00047544394443,14.13940982535305,54.05551250105832,73.35547801324137,59.88002688340824,85.47454710007467,14.71590579575249,86.25992510812021,62.01690109682376,66.01386059544409,62.721519636740396,46.6,Moderate
Oman,25.76522106842659,100,4.637739792316788,96.37268862638953,18.067596984398286,100,18,20,31.29,43.8913470871152,66.14,100,2021,76.71067261891746,90.2,8.815895916980452,80.99631196442131,55.68608350936262,59.88002688340824,59.11566365483453,0,0,47.79667303874949,NA,NA,14.339001911624846,NA,NA,NA,41.76231495010947,73.59858397773836,86.25992510812021,62.01690109682376,66.01386059544409,68.2984786848105,31.701521315189495,9.409744207012553,54.05551250105832,73.35547801324137,59.88002688340824,NA,NA,86.25992510812021,62.01690109682376,66.01386059544409,66.930284033016,55.1,Moderate
Qatar,3.8247242581369703,1.9980476174983643,0.7649448516273941,6.026524766542265,1.5214016162468724,0,20,33.33333333333333,10.69,0,34.47,0,2021,6.892984286228993,94,5.6133758477741,96.23863759626857,55.68608350936262,59.88002688340824,62.28362476736271,59.368629870146385,16.283673902283816,32.966070900409854,85.47454710007467,14.71590579575249,40.97619030120635,3.1847133757961785,NA,67.57137631698328,35.37804484638973,72.0691620620908,86.25992510812021,62.01690109682376,66.01386059544409,63.200405632651965,36.79959436734805,8.761907672152928,54.05551250105832,73.35547801324137,59.88002688340824,85.47454710007467,14.71590579575249,86.25992510812021,62.01690109682376,66.01386059544409,62.721519636740396,43.7,Moderate
Kuwait,5.568311377458512,9.786154847702754,0.8352467066187768,7.666555547405672,4.112110552584918,15.657429872517495,15,0,52.49,89.07517566598005,56.8,70.51778622919102,2021,32.1171836937995,76.2,68.67003638233783,80,55.68608350936262,59.88002688340824,68.08722935502173,100,24.584600155553986,99.78347167087693,NA,NA,64.85196153237388,NA,NA,NA,41.76231495010947,70.61294800347005,86.25992510812021,62.01690109682376,66.01386059544409,58.346358770582796,41.6536412294172,11.043443238343496,54.05551250105832,73.35547801324137,59.88002688340824,NA,NA,86.25992510812021,62.01690109682376,66.01386059544409,66.930284033016,55.2,Moderate
GCC,NA,19.8,NA,30.4,NA,20.9,NA,28.3,NA,71.8,NA,69.8,2021,40.2,83.9,11.2,84.1,55.7,59.9,61.8,18.7,35.3,43.5,85.5,14.7,32,19,NA,67.6,42.7,75.1,NA,NA,NA,NA,NA,NA,NA,NA,NA,NA,NA,NA,NA,NA,64.3,50.9,Moderate
UAE,15.28222559711702,58.12180670604909,4.584667679135105,100,10.023690034031764,52.40032944598232,30,100,26.26,28.37035601407502,63.37,96.72227021356011,2022,72.6024603966111,82.8,NA,94.69843974203872,48.38997025811609,60.562727710272696,71.61278442760687,9.125686290619514,100,50,NA,NA,37.737705887185854,NA,NA,NA,49.3192210387941,70.74011221322283,80.25513748846444,57.99271681450942,64.29449656924103,70.8008072449474,29.199192755052582,8.54436252357347,NA,NA,60.562727710272696,NA,NA,80.25513748846444,57.99271681450942,64.29449656924103,65.7762696456219,61.3,Good
Bahrain,17.63100688359975,69.27957859326936,4.407751720899937,95.71381410741358,11.338561194211744,60.819324808978735,25,66.66666666666666,45.75,82.32126813613355,62.57,93.53721215188075,2022,78.0563107440571,96.6,100,81.29301064938704,48.38997025811609,60.562727710272696,77.36914172355516,16.433600645916954,24.78598180845372,36.5166087966076,NA,NA,20.84225919444811,16.99732273263532,NA,68.28655916472786,42.641940948681594,74.28984570151329,80.25513748846444,57.99271681450942,64.29449656924103,82.63325220591562,17.366747794084368,20.935103796545885,NA,NA,60.562727710272696,NA,NA,80.25513748846444,57.99271681450942,64.29449656924103,65.7762696456219,60,Good
Saudi Arabia,3.047219064666335,0,0.4570828596999503,0,1.8398534832619255,0,15,0,49.67,93.19125372574487,62.63,93.78096420711165,2022,31.162036322142754,86.1,0,77.95969514268954,48.38997025811609,60.562727710272696,54.60247862221566,11.219029645024383,20.46548956661316,31.800559691502755,86.1265668588113,17.01630794632608,27.31326219479451,69.41633354761325,NA,68.28655916472786,68.85144635617056,70.54184782573758,80.25513748846444,57.99271681450942,64.29449656924103,70.13992595332991,29.860117089552222,15.115584127420709,NA,NA,60.562727710272696,86.1265668588113,17.01630794632608,80.25513748846444,57.99271681450942,64.29449656924103,61.041325564604165,51.2,Moderate
Oman,24.09784915661995,100,4.337612848191591,94.01454260175996,17.45776397599322,100,18,20,28.54,34.683565694874595,64.2,100,2022,74.7830180494391,84.3,7.805921608332738,80.60548442701686,48.38997025811609,60.562727710272696,56.332820800747676,0,0,47.42081093134003,NA,NA,14.226243279402008,NA,NA,NA,49.3192210387941,67.58057474370447,80.25513748846444,57.99271681450942,64.29449656924103,60.26901567988623,39.73098432011378,10.520561816826103,NA,NA,60.562727710272696,NA,NA,80.25513748846444,57.99271681450942,64.29449656924103,65.7762696456219,54.8,Moderate
Qatar,4.543305902869915,7.1070881568312,0.908661180573983,10.940497667006868,1.8935521767767545,0.343827642883603,20,33.33333333333333,16.01,0,38.98,0,2022,8.6207911333425,79,5.132231004051686,89.00482913799229,48.38997025811609,60.562727710272696,56.41795162208655,100,17.415730337078653,37.34545108362008,86.1265668588113,17.01630794632608,55.0010688730155,4.6419924583324095,NA,68.28655916472786,36.464275811530136,66.2037570000713,80.25513748846444,57.99271681450942,64.29449656924103,55.67962320110899,44.32037679889101,9.28539040752965,NA,NA,60.562727710272696,86.1265668588113,17.01630794632608,80.25513748846444,57.99271681450942,64.29449656924103,61.041325564604165,44.3,Moderate
Kuwait,5.040313264025073,9.468097584977173,0.7560469896037609,7.2430765927839325,3.701676699746629,11.921077517707708,15,0,52.13,100,58.23,76.30624260019823,2022,34.156415715944505,81.4,60.3238736547535,80,48.38997025811609,60.562727710272696,66.13531432462845,91.05242458164902,23.113964686998393,52.21214271234543,NA,NA,47.60216312559801,NA,NA,NA,49.3192210387941,63.5483914015289,80.25513748846444,57.99271681450942,64.29449656924103,46.828404539301005,53.171595460698995,7.876443278466433,NA,NA,60.562727710272696,NA,NA,80.25513748846444,57.99271681450942,64.29449656924103,65.7762696456219,53.3,Moderate
GCC,NA,20.4,NA,30,NA,18.4,NA,27.6,NA,67.1,NA,83.8,2022,41.2,84.4,9.8,83.1,48.4,60.6,60,25.6,37,38.8,86.1,17,33.3,57.8,NA,68.3,58.3,69.5,NA,NA,NA,NA,NA,NA,NA,NA,NA,NA,NA,NA,NA,NA,62.8,53.3,Moderate
UAE,15.53435297545947,53.96488256325812,4.660305892637841,100,10.09814457778424,49.466030570892556,30,100,27.45,37.33809535059306,62.03,83.50495199367856,2023,70.71232674640372,78.5,NA,95.0190874582492,57.24666587304122,61.66556722481139,73.10783013902545,1.4646455881026537,100,50,NA,NA,35.4393936764308,NA,NA,NA,59.53273050977565,73.27525059456707,82.70283051676351,57.44545137583675,60.57790437037383,76.5349432503688,23.46505674963119,9.45859478112554,NA,NA,61.66556722481139,NA,NA,82.70283051676351,57.44545137583675,60.57790437037383,65.59793837194637,63.2,Good
Bahrain,17.754608118211497,63.840240516380945,4.438652029552874,94.65903821047644,11.550435119556612,58.29515532083263,25,66.66666666666666,48.1,96.22496264936102,63.17,88.25858784322236,2023,77.99077520115668,78.2,100,82.08858317155803,57.24666587304122,61.66556722481139,75.84016325388212,0,28.09959349593496,43.575689182653555,NA,NA,18.69262545398306,1.251240291939385,NA,68.4398408735816,34.84554058276049,75.77185895069067,82.70283051676351,57.44545137583675,60.57790437037383,84.85697110411412,15.143028895885898,20.129801783281902,NA,NA,61.66556722481139,NA,NA,82.70283051676351,57.44545137583675,60.57790437037383,65.59793837194637,58,Moderate
Saudi Arabia,3.4015463867935387,0,0.5102319580190308,0,1.961545495568542,0,15,0,39.75,72.41292455118449,65.98,100,2023,28.735487425197416,91.4,0,78.05428063290347,57.24666587304122,61.66556722481139,57.673302746151215,11.151935813855793,30.758807588075882,28.650875053912145,89.32079356290373,13.931579519186116,28.41784208615454,100,NA,68.4398408735816,84.2199204367908,73.561835530991,82.70283051676351,57.44545137583675,60.57790437037383,77.49022637178193,22.509729861620965,15.891673295482523,NA,NA,61.66556722481139,89.32079356290373,13.931579519186116,82.70283051676351,57.44545137583675,60.57790437037383,60.94068776164589,54.9,Moderate
Oman,25.884327803845164,100,4.65917900469213,99.9728465573514,18.410407448529735,100,18,20,26.81,35.51835688130163,64.22,92.67274423232905,2023,74.69399127849701,84.6,7.7073340451462125,80.70344299973517,57.24666587304122,61.66556722481139,58.3846020285468,0.46997555814082626,0,47.94055051892631,89.32079356290373,13.931579519186116,24.848395131329124,NA,NA,NA,59.53273050977565,69.44680377594958,82.70283051676351,57.44545137583675,60.57790437037383,63.773453854977134,36.22654614502287,9.381235271029746,NA,NA,61.66556722481139,89.32079356290373,13.931579519186116,82.70283051676351,57.44545137583675,60.57790437037383,60.94068776164589,58.3,Moderate
Qatar,4.431488005596825,4.581024027668335,0.886297601119365,9.06166128664106,2.0091988227359647,0.2897059219275891,20,33.33333333333333,14.36,0,42.04,0,2023,7.877620761595052,85.5,5.100703596076917,88.80003400170662,57.24666587304122,61.66556722481139,59.66259413912723,100,21.81571815718157,50,89.32079356290373,13.931579519186116,59.6883809396453,NA,NA,NA,59.53273050977565,68.7659474154478,82.70283051676351,57.44545137583675,60.57790437037383,61.50393265330458,38.496067346695426,8.493057805433974,NA,NA,61.66556722481139,89.32079356290373,13.931579519186116,82.70283051676351,57.44545137583675,60.57790437037383,60.94068776164589,50.4,Moderate
Kuwait,5.14735058323248,7.765072141451639,0.7721025874848719,6.310023233113659,3.6775202905624775,10.432179441356542,15,0,49.43,100,59.05,71.0742603128,2023,32.59692252145364,77.1,61.00245330401805,80,57.24666587304122,61.66556722481139,67.40293728037413,60.60561562822001,29.03116531165312,16.96255890112328,NA,NA,29.07668542113361,NA,NA,NA,59.53273050977565,66.17388385945664,82.70283051676351,57.44545137583675,60.57790437037383,52.86372080000067,47.13627919999932,7.550863779307333,NA,NA,61.66556722481139,NA,NA,82.70283051676351,57.44545137583675,60.57790437037383,65.59793837194637,52.7,Moderate
GCC,NA,19.3,NA,30.9,NA,18,NA,28.4,NA,58.2,NA,84,2023,39.8,86.3,9.5,83.3,57.2,61.7,62.5,20.3,44.2,35.9,89.3,13.9,32.7,96.4,NA,68.4,72.2,72.4,NA,NA,NA,NA,NA,NA,NA,NA,NA,NA,NA,NA,NA,NA,62.4,56.4,Moderate
